{"cameraMode":{"drawMode":0,"name":"Shaded","section":"Shading Mode"},"sceneLighting":false,"audioPlay":false,"sceneViewState":{"m_AlwaysRefresh":false,"showFog":true,"showSkybox":false,"showFlares":true,"showImageEffects":true,"showParticleSystems":true,"showVisualEffectGraphs":true,"m_FxEnabled":true},"in2DMode":false,"pivot":{"x":4.191051483154297,"y":0.8399999141693115,"z":1.4797042608261109},"rotation":{"x":-0.39134159684181216,"y":0.36913347244262698,"z":-0.17518118023872376,"w":-0.8246163725852966},"size":0.8660253882408142,"orthographic":false}