{"cameraMode":{"drawMode":0,"name":"Shaded","section":"Shading Mode"},"sceneLighting":true,"audioPlay":false,"sceneViewState":{"m_AlwaysRefresh":false,"showFog":true,"showSkybox":true,"showFlares":true,"showImageEffects":true,"showParticleSystems":true,"showVisualEffectGraphs":true,"m_FxEnabled":true},"in2DMode":false,"pivot":{"x":-24.777557373046876,"y":-7.104770660400391,"z":0.8031940460205078},"rotation":{"x":-0.39134159684181216,"y":0.36913347244262698,"z":-0.17518118023872376,"w":-0.8246163725852966},"size":27.157583236694337,"orthographic":false}